{"meta":{"title":"HAOJX","subtitle":"郝建勋的博客","description":null,"author":"HAOJX","url":"haojianxun.github.io"},"posts":[{"title":"kubernetes开发教程(4)--自动代码生成","date":"2019-09-09T16:00:00.000Z","path":"2019/09/10/kubernetes开发教程(4)自动代码生成/","permalink":"haojianxun.github.io/2019/09/10/kubernetes开发教程(4)自动代码生成/","categories":[{"name":"kuberntes","slug":"kuberntes","permalink":"haojianxun.github.io/categories/kuberntes/"}],"tags":[]},{"title":"docker官方设置http_proxy教程","date":"2016-01-04T16:00:00.000Z","path":"2016/01/05/docker官方设置http_proxy教程/","permalink":"haojianxun.github.io/2016/01/05/docker官方设置http_proxy教程/","categories":[{"name":"docker","slug":"docker","permalink":"haojianxun.github.io/categories/docker/"}],"tags":[{"name":"docker","slug":"docker","permalink":"haojianxun.github.io/tags/docker/"}]}]}